Company,Called At,Outcome
Fenwick Group,2026-08-03,No answer
Alta Foods,2026-08-04,No answer
Corvus Labs,2026-08-04,No answer
Indus Ceramics,2026-08-04,No answer
Pinnacle Realty,2026-08-04,No answer
Fenwick Group,2026-08-05,Right POC
Jalan Motors,2026-08-05,No answer
Fenwick Group,2026-08-06,No answer
Indus Ceramics,2026-08-06,No answer
Kritsnam Analytics,2026-08-06,No answer
Pinnacle Realty,2026-08-06,Right POC
Quorum Media,2026-08-06,No answer
Alta Foods,2026-08-07,No answer
Indus Ceramics,2026-08-07,No answer
Lodha Interiors,2026-08-07,No answer
Pinnacle Realty,2026-08-07,Discovery
Fenwick Group,2026-08-08,No answer
Indus Ceramics,2026-08-08,Discovery
Jalan Motors,2026-08-08,No answer
Quorum Media,2026-08-09,No answer
Alta Foods,2026-08-10,No answer
Dunbar Retail,2026-08-10,No answer
Evercrest Resorts,2026-08-10,No answer
Jalan Motors,2026-08-10,No answer
Kritsnam Analytics,2026-08-10,No answer
Mayur Agro,2026-08-10,No answer
Quorum Media,2026-08-10,Discovery
Alta Foods,2026-08-11,Discovery
Beacon Textiles,2026-08-11,No answer
Jalan Motors,2026-08-11,Discovery
Lodha Interiors,2026-08-11,No answer
Nirvana Hotels,2026-08-11,No answer
Corvus Labs,2026-08-12,No answer
Indus Ceramics,2026-08-12,No answer
Kritsnam Analytics,2026-08-12,No answer
Lodha Interiors,2026-08-13,No answer
Mayur Agro,2026-08-13,No answer
Kritsnam Analytics,2026-08-14,Discovery
Jalan Motors,2026-08-15,No answer
Indus Ceramics,2026-08-16,No answer
Beacon Textiles,2026-08-17,No answer
Lodha Interiors,2026-08-17,No answer
Mayur Agro,2026-08-17,No answer
Nirvana Hotels,2026-08-17,No answer
Alta Foods,2026-08-18,No answer
Dunbar Retail,2026-08-18,No answer
Evercrest Resorts,2026-08-18,No answer
Lodha Interiors,2026-08-18,Discovery
Corvus Labs,2026-08-19,No answer
Kritsnam Analytics,2026-08-19,No answer
Corvus Labs,2026-08-20,Discovery
Indus Ceramics,2026-08-20,Right POC
Jalan Motors,2026-08-20,No answer
Mayur Agro,2026-08-20,No answer
Nirvana Hotels,2026-08-20,No answer
Beacon Textiles,2026-08-21,Discovery
Mayur Agro,2026-08-22,Discovery
Corvus Labs,2026-08-24,Right POC
Kritsnam Analytics,2026-08-24,No answer
Lodha Interiors,2026-08-24,No answer
Nirvana Hotels,2026-08-24,No answer
Alta Foods,2026-08-25,Right POC
Nirvana Hotels,2026-08-26,Discovery
Dunbar Retail,2026-08-27,No answer
Mayur Agro,2026-08-27,No answer
Dunbar Retail,2026-08-28,Discovery
Jalan Motors,2026-08-28,Right POC
Beacon Textiles,2026-08-29,No answer
Lodha Interiors,2026-08-30,No answer
Kritsnam Analytics,2026-08-31,Right POC
Nirvana Hotels,2026-09-01,No answer
Tarang Events,2026-09-01,No answer
Umang Pharma,2026-09-01,No answer
Dunbar Retail,2026-09-02,No answer
Tarang Events,2026-09-02,No answer
Vriddhi Chemicals,2026-09-02,No answer
Mayur Agro,2026-09-03,Right POC
Tarang Events,2026-09-03,No answer
Umang Pharma,2026-09-03,No answer
Wadhwa Infra,2026-09-03,No answer
Zenith Auto,2026-09-03,No answer
Aashray Homes,2026-09-04,No answer
Beacon Textiles,2026-09-04,Right POC
Bhavya Tours,2026-09-04,No answer
Evercrest Resorts,2026-09-04,No answer
Tarang Events,2026-09-04,No answer
Umang Pharma,2026-09-04,No answer
Xenia Foods,2026-09-04,No answer
Yash Logistics,2026-09-04,No answer
Zenith Auto,2026-09-04,No answer
Aashray Homes,2026-09-05,No answer
Tarang Events,2026-09-05,Discovery
Umang Pharma,2026-09-05,No answer
Vriddhi Chemicals,2026-09-05,No answer
Zenith Auto,2026-09-05,No answer
Evercrest Resorts,2026-09-06,Discovery
Wadhwa Infra,2026-09-06,No answer
Zenith Auto,2026-09-06,Discovery
Aashray Homes,2026-09-07,No answer
Bhavya Tours,2026-09-07,No answer
Lodha Interiors,2026-09-07,Right POC
Xenia Foods,2026-09-07,No answer
Nirvana Hotels,2026-09-08,No answer
Umang Pharma,2026-09-08,Discovery
Vriddhi Chemicals,2026-09-08,No answer
Yash Logistics,2026-09-08,No answer
Aashray Homes,2026-09-09,No answer
Bhavya Tours,2026-09-09,No answer
Evercrest Resorts,2026-09-09,No answer
Rhea Exports,2026-09-09,No answer
Tarang Events,2026-09-09,No answer
Wadhwa Infra,2026-09-09,No answer
Aashray Homes,2026-09-10,Discovery
Xenia Foods,2026-09-10,No answer
Bhavya Tours,2026-09-11,No answer
Vriddhi Chemicals,2026-09-11,No answer
Yash Logistics,2026-09-11,No answer
Zenith Auto,2026-09-11,No answer
Bhavya Tours,2026-09-12,Discovery
Umang Pharma,2026-09-12,No answer
Wadhwa Infra,2026-09-12,No answer
Tarang Events,2026-09-14,No answer
Xenia Foods,2026-09-14,No answer
Vriddhi Chemicals,2026-09-15,No answer
Yash Logistics,2026-09-15,No answer
Aashray Homes,2026-09-16,No answer
Girdhar Steel,2026-09-16,No answer
Wadhwa Infra,2026-09-16,No answer
Zenith Auto,2026-09-17,No answer
Umang Pharma,2026-09-18,No answer
Xenia Foods,2026-09-18,No answer
Bhavya Tours,2026-09-19,No answer
Vriddhi Chemicals,2026-09-19,No answer
Wadhwa Infra,2026-09-21,No answer
Aashray Homes,2026-09-22,No answer
Girdhar Steel,2026-09-22,No answer
Orbit Packaging,2026-09-22,No answer
Yash Logistics,2026-09-22,No answer
Xenia Foods,2026-09-23,No answer
Orbit Packaging,2026-09-24,No answer
Vriddhi Chemicals,2026-09-24,No answer
Bhavya Tours,2026-09-25,No answer
Girdhar Steel,2026-09-25,Right POC
Wadhwa Infra,2026-09-25,No answer
Orbit Packaging,2026-09-26,No answer
Yash Logistics,2026-09-26,No answer
