Company,BD,Created At,First Call,Right POC,Discovery,SQL
Alta Foods,Priya,2026-08-03,2026-08-04,2026-08-06,2026-08-11,2026-08-25
Beacon Textiles,Priya,2026-08-07,2026-08-11,2026-08-14,2026-08-21,2026-09-04
Corvus Labs,Priya,2026-08-04,2026-08-04,2026-08-11,2026-08-20,
Dunbar Retail,Priya,2026-08-07,2026-08-10,2026-08-17,2026-08-28,
Evercrest Resorts,Priya,2026-08-06,2026-08-10,2026-08-17,2026-09-06,
Fenwick Group,Priya,2026-08-01,2026-08-03,2026-08-05,,
Girdhar Steel,Priya,2026-09-14,2026-09-16,2026-09-20,,
Hexa Logistics,Priya,2026-09-20,,,,
Indus Ceramics,Rubal,2026-08-03,2026-08-04,2026-08-06,2026-08-08,2026-08-20
Jalan Motors,Rubal,2026-08-04,2026-08-05,2026-08-07,2026-08-11,2026-08-28
Kritsnam Analytics,Rubal,2026-08-05,2026-08-06,2026-08-08,2026-08-14,2026-08-31
Lodha Interiors,Rubal,2026-08-06,2026-08-07,2026-08-10,2026-08-18,2026-09-07
Mayur Agro,Rubal,2026-08-07,2026-08-10,2026-08-12,2026-08-22,
Nirvana Hotels,Rubal,2026-08-10,2026-08-11,2026-08-14,2026-08-26,
Orbit Packaging,Rubal,2026-09-21,2026-09-22,,,
Pinnacle Realty,Neha,2026-08-03,2026-08-04,2026-08-06,2026-08-07,
Quorum Media,Neha,2026-08-05,2026-08-06,2026-08-08,2026-08-10,
Rhea Exports,Neha,2026-09-07,2026-09-09,,,
Sunfield Agro,Neha,2026-09-10,,,,
Tarang Events,Devansh,2026-08-31,2026-09-01,2026-09-02,2026-09-05,
Umang Pharma,Devansh,2026-09-01,2026-09-01,2026-09-03,2026-09-08,
Zenith Auto,Devansh,2026-09-02,2026-09-03,2026-09-04,2026-09-06,
Aashray Homes,Devansh,2026-09-03,2026-09-04,2026-09-05,2026-09-10,
Bhavya Tours,Devansh,2026-09-03,2026-09-04,2026-09-06,2026-09-12,
Vriddhi Chemicals,Devansh,2026-09-01,2026-09-02,2026-09-04,,
Wadhwa Infra,Devansh,2026-09-02,2026-09-03,2026-09-05,,
Xenia Foods,Devansh,2026-09-02,2026-09-04,2026-09-06,,
Yash Logistics,Devansh,2026-09-03,2026-09-04,2026-09-07,,
